City_ID,City,Country,Date,Lat,Lng,Max Temp,Humidity,Cloudiness,Wind Speed
0,Ushuaia,AR,2022-05-04 19:37:36,-54.8,-68.3,42.46,65,75,9.22
1,Hobart,AU,2022-05-04 19:40:18,-42.8794,147.3294,42.66,90,21,6.91
2,Hermanus,ZA,2022-05-04 19:40:33,-34.4187,19.2345,62.46,85,99,8.48
3,Provideniya,RU,2022-05-04 19:40:33,64.3833,-173.3,29.28,77,58,8.59
4,Fortuna,US,2022-05-04 19:40:34,40.5982,-124.1573,60.93,85,40,12.66
5,Valea Stanciului,RO,2022-05-04 19:40:34,43.9833,23.8667,57.49,84,100,4.56
6,Port Elizabeth,ZA,2022-05-04 19:35:35,-33.918,25.5701,62.1,94,40,2.3
7,Grindavik,IS,2022-05-04 19:40:35,63.8424,-22.4338,39.15,60,75,5.75
8,Brae,GB,2022-05-04 19:40:35,60.3964,-1.353,47.01,73,97,17.22
9,Kapaa,US,2022-05-04 19:40:35,22.0752,-159.319,77.11,82,75,18.41
10,Punta Arenas,CL,2022-05-04 19:40:08,-53.15,-70.9167,46.51,71,40,19.57
11,Leh,IN,2022-05-04 19:40:36,34.1667,77.5833,46.22,50,99,5.37
12,New Norfolk,AU,2022-05-04 19:40:36,-42.7826,147.0587,42.3,81,46,1.97
13,Avarua,CK,2022-05-04 19:40:37,-21.2078,-159.775,80.65,78,60,9.22
14,Hamilton,US,2022-05-04 19:40:28,39.1834,-84.5333,61.63,76,100,8.05
15,Saint-Philippe,RE,2022-05-04 19:40:37,-21.3585,55.7679,74.79,86,44,13.96
16,Lebu,CL,2022-05-04 19:40:38,-37.6167,-73.65,57.79,87,98,15.5
17,Hithadhoo,MV,2022-05-04 19:40:38,-0.6,73.0833,84.15,74,100,20.38
18,Abay,KZ,2022-05-04 19:40:39,49.6311,72.8539,30.58,75,0,5.73
19,Cape Town,ZA,2022-05-04 19:38:15,-33.9258,18.4232,61.27,90,100,7.0
20,Rikitea,PF,2022-05-04 19:40:39,-23.1203,-134.9692,77.43,84,100,19.71
21,Daru,PG,2022-05-04 19:40:39,-9.0763,143.2092,79.16,82,71,8.57
22,Comodoro Rivadavia,AR,2022-05-04 19:40:40,-45.8667,-67.5,66.06,32,20,18.41
23,Puerto Ayora,EC,2022-05-04 19:40:40,-0.7393,-90.3518,84.16,80,69,10.04
24,Wanning,CN,2022-05-04 19:40:41,18.8003,110.3967,71.35,94,46,7.81
25,Bathsheba,BB,2022-05-04 19:40:41,13.2167,-59.5167,86.61,70,40,17.27
26,Barrow,US,2022-05-04 19:40:02,71.2906,-156.7887,14.02,85,100,14.97
27,Cabo San Lucas,MX,2022-05-04 19:39:45,22.8909,-109.9124,85.05,38,0,9.22
28,Jamestown,US,2022-05-04 19:39:57,42.097,-79.2353,53.53,93,100,12.66
29,Busselton,AU,2022-05-04 19:40:42,-33.65,115.3333,52.48,63,0,12.95
30,Shelburne,CA,2022-05-04 19:40:42,44.0787,-80.2041,53.24,68,47,10.51
31,Tuatapere,NZ,2022-05-04 19:40:42,-46.1333,167.6833,52.47,86,93,5.06
32,Qui Nhon,VN,2022-05-04 19:40:43,13.7667,109.2333,76.01,82,100,5.84
33,Meulaboh,ID,2022-05-04 19:40:43,4.1363,96.1285,76.48,92,100,6.49
34,Nuevo Progreso,MX,2022-05-04 19:40:43,23.1667,-97.95,90.54,55,27,5.99
35,Chokurdakh,RU,2022-05-04 19:40:44,70.6333,147.9167,4.91,97,73,0.63
36,Christchurch,NZ,2022-05-04 19:39:43,-43.5333,172.6333,56.95,93,100,4.61
37,Tuktoyaktuk,CA,2022-05-04 19:40:44,69.4541,-133.0374,24.8,93,100,12.66
38,Albany,US,2022-05-04 19:36:17,42.6001,-73.9662,55.38,90,100,0.98
39,Victoria,HK,2022-05-04 19:39:56,22.2855,114.1577,76.17,76,48,5.99
40,Impfondo,CG,2022-05-04 19:40:45,1.6381,18.0667,72.5,94,100,4.03
41,Salym,RU,2022-05-04 19:40:45,60.0625,71.4789,46.42,61,9,11.48
42,Alofi,NU,2022-05-04 19:40:46,-19.0595,-169.9187,76.89,78,40,8.05
43,Buala,SB,2022-05-04 19:40:46,-8.145,159.5921,80.2,78,31,4.18
44,Markdorf,DE,2022-05-04 19:36:56,47.7167,9.4,56.73,75,0,1.14
45,Swellendam,ZA,2022-05-04 19:41:47,-34.0226,20.4417,61.75,88,75,1.68
46,Nioro,GM,2022-05-04 19:41:47,13.35,-15.75,85.91,29,6,12.39
47,Ixtapa,MX,2022-05-04 19:41:48,20.7,-105.2,79.83,69,0,13.8
48,Ambilobe,MG,2022-05-04 19:41:48,-13.2,49.05,71.65,87,30,3.91
49,Leningradskiy,RU,2022-05-04 19:41:49,69.3833,178.4167,14.45,91,42,8.14
50,Hilo,US,2022-05-04 19:36:57,19.7297,-155.09,81.28,96,100,9.22
51,Nsanje,MW,2022-05-04 19:41:49,-16.92,35.262,67.73,94,80,2.68
52,Sitka,US,2022-05-04 19:41:49,57.0531,-135.33,46.29,66,100,8.05
53,Bikin,RU,2022-05-04 19:41:50,46.8161,134.26,41.83,75,42,8.61
54,Iquique,CL,2022-05-04 19:41:50,-20.2208,-70.1431,68.04,70,25,3.06
55,Pallasovka,RU,2022-05-04 19:41:51,50.05,46.8833,53.87,42,34,8.7
56,Mataura,NZ,2022-05-04 19:41:51,-46.1927,168.8643,46.47,87,12,3.18
57,Grand Gaube,MU,2022-05-04 19:41:52,-20.0064,57.6608,79.2,74,11,8.01
58,Severo-Kurilsk,RU,2022-05-04 19:41:52,50.6789,156.125,34.14,84,100,5.19
59,General Pico,AR,2022-05-04 19:41:52,-35.6566,-63.7568,74.59,24,75,9.26
60,Namwala,ZM,2022-05-04 19:41:53,-15.7504,26.4384,66.25,60,79,6.93
61,Yellowknife,CA,2022-05-04 19:41:53,62.456,-114.3525,37.92,87,100,20.71
62,Te Anau,NZ,2022-05-04 19:41:54,-45.4167,167.7167,49.44,91,83,1.92
63,Bluff,NZ,2022-05-04 19:41:54,-46.6,168.3333,46.8,81,40,8.52
64,Dingle,PH,2022-05-04 19:41:54,10.9995,122.6711,77.23,85,97,6.6
65,Bredasdorp,ZA,2022-05-04 19:41:55,-34.5322,20.0403,59.68,95,61,3.2
66,Vila Velha,BR,2022-05-04 19:41:55,-20.3297,-40.2925,89.55,74,0,13.8
67,Srednekolymsk,RU,2022-05-04 19:41:56,67.45,153.6833,30.38,95,100,1.16
68,Atuona,PF,2022-05-04 19:41:56,-9.8,-139.0333,80.04,68,31,14.45
69,Lutkun,RU,2022-05-04 19:41:56,41.4808,47.6858,51.73,79,99,3.96
70,Maku,IR,2022-05-04 19:41:57,39.2911,44.4521,57.81,72,75,0.0
71,Hofn,IS,2022-05-04 19:41:57,64.2539,-15.2082,41.02,65,100,8.05
72,Sao Filipe,CV,2022-05-04 19:41:58,14.8961,-24.4956,72.77,82,15,7.63
73,Matara,LK,2022-05-04 19:41:58,5.9485,80.5353,79.61,87,100,10.45
74,Nikki,BJ,2022-05-04 19:41:58,9.9401,3.2108,82.69,60,98,9.01
75,Lorengau,PG,2022-05-04 19:41:59,-2.0226,147.2712,80.62,82,100,3.87
76,Camacha,PT,2022-05-04 19:41:59,33.0833,-16.3333,60.22,77,75,14.97
77,Cidreira,BR,2022-05-04 19:42:00,-30.1811,-50.2056,67.01,85,86,16.96
78,Butaritari,KI,2022-05-04 19:42:00,3.0707,172.7902,81.03,78,100,11.59
79,Bengkulu,ID,2022-05-04 19:42:00,-3.8004,102.2655,75.85,87,100,2.93
80,Mount Isa,AU,2022-05-04 19:42:01,-20.7333,139.5,67.77,34,5,12.66
81,Clyde River,CA,2022-05-04 19:42:01,70.4692,-68.5914,21.43,73,100,5.75
82,Hambantota,LK,2022-05-04 19:42:02,6.1241,81.1185,80.44,83,99,15.43
83,Naze,JP,2022-05-04 19:42:02,28.3667,129.4833,70.72,80,100,14.61
84,San Policarpo,PH,2022-05-04 19:42:02,12.1791,125.5072,80.53,81,100,10.31
85,Thompson,CA,2022-05-04 19:42:03,55.7435,-97.8558,28.56,69,100,10.36
86,Narsaq,GL,2022-05-04 19:42:03,60.9167,-46.05,43.02,48,4,3.24
87,Ibadan,NG,2022-05-04 19:42:04,7.3878,3.8964,74.59,96,99,5.3
88,Kyzyl-Mazhalyk,RU,2022-05-04 19:43:04,51.1333,90.6,39.43,34,58,3.51
89,Ibra,OM,2022-05-04 19:43:05,22.6906,58.5334,81.36,27,0,3.04
90,Plouzane,FR,2022-05-04 19:43:05,48.3833,-4.6167,53.92,87,40,9.22
91,Salou,ES,2022-05-04 19:43:06,41.0766,1.1416,62.24,77,20,0.0
92,Port Alfred,ZA,2022-05-04 19:43:06,-33.5906,26.891,65.43,86,52,4.41
93,Jining,CN,2022-05-04 19:43:07,35.405,116.5814,60.13,50,0,9.1
94,Arraial Do Cabo,BR,2022-05-04 19:43:07,-22.9661,-42.0278,87.76,70,20,13.8
95,Cherskiy,RU,2022-05-04 19:43:08,68.75,161.3,32.47,100,100,3.44
96,Nador,MA,2022-05-04 19:43:10,35.174,-2.9287,61.05,77,20,8.05
97,Zhangye,CN,2022-05-04 19:43:10,38.9342,100.4517,65.19,18,6,6.58
98,Guasdualito,VE,2022-05-04 19:43:11,7.2424,-70.7324,93.4,39,57,4.45
99,Lieksa,FI,2022-05-04 19:43:11,63.3167,30.0167,26.73,88,84,2.89
100,Goderich,CA,2022-05-04 19:43:12,43.7501,-81.7165,46.9,81,53,19.57
101,Rockhampton,AU,2022-05-04 19:40:18,-23.3833,150.5,67.89,88,22,5.75
102,Bahadurganj,IN,2022-05-04 19:43:12,26.2667,87.8167,80.11,59,92,10.09
103,Saint-Louis,SN,2022-05-04 19:43:13,16.3333,-15.0,89.44,20,5,15.08
104,Vaini,TO,2022-05-04 19:43:13,-21.2,-175.2,73.56,100,40,4.61
105,Port Augusta,AU,2022-05-04 19:43:14,-32.5,137.7667,49.08,74,0,7.0
106,Santa Cruz De La Palma,ES,2022-05-04 19:43:14,28.6835,-17.7642,68.14,64,75,14.97
107,Plettenberg Bay,ZA,2022-05-04 19:43:15,-34.0527,23.3716,62.69,92,62,4.23
108,Evensk,RU,2022-05-04 19:43:15,61.95,159.2333,31.78,90,100,4.74
109,Sarkand,KZ,2022-05-04 19:43:15,45.41,79.9186,61.59,63,100,3.49
110,Necochea,AR,2022-05-04 19:39:46,-38.5473,-58.7368,65.86,49,9,12.91
111,Yenagoa,NG,2022-05-04 19:43:16,4.9247,6.2642,73.81,92,82,1.92
112,Mount Gambier,AU,2022-05-04 19:43:16,-37.8333,140.7667,42.71,100,75,9.22
113,Sechura,PE,2022-05-04 19:43:17,-5.5569,-80.8222,80.17,54,91,12.86
114,Airai,TL,2022-05-04 19:43:17,-8.9266,125.4092,58.96,89,89,2.51
115,Sombrio,BR,2022-05-04 19:43:17,-29.1139,-49.6167,67.93,91,100,14.81
116,Vardo,NO,2022-05-04 19:40:10,70.3705,31.1107,24.78,86,75,17.27
117,Palana,RU,2022-05-04 19:43:18,59.1167,159.9667,28.78,88,100,10.89
118,Castro,BR,2022-05-04 19:43:18,-24.7911,-50.0119,55.9,78,85,9.1
119,Coxim,BR,2022-05-04 19:43:19,-18.5067,-54.76,75.63,31,2,9.93
120,Potsdam,DE,2022-05-04 19:43:19,52.3989,13.0657,61.34,72,76,4.97
121,The Valley,AI,2022-05-04 19:43:19,18.217,-63.0578,85.86,74,40,14.97
122,Padang,ID,2022-05-04 19:43:20,-0.9492,100.3543,77.47,83,100,3.04
123,Namatanai,PG,2022-05-04 19:43:20,-3.6667,152.4333,79.9,84,99,8.68
124,Rasht,IR,2022-05-04 19:43:21,37.2808,49.5832,60.62,100,100,9.22
125,Poso,ID,2022-05-04 19:43:21,-1.3959,120.7524,77.85,86,94,3.69
126,Flinders,AU,2022-05-04 19:41:58,-34.5833,150.8552,63.05,90,91,5.01
127,Coahuayana,MX,2022-05-04 19:43:22,18.7333,-103.6833,90.34,42,86,8.41
128,Ponta Do Sol,PT,2022-05-04 19:43:22,32.6667,-17.1,65.03,58,63,4.23
129,Yarmouth,US,2022-05-04 19:43:22,41.7057,-70.2286,59.14,95,100,6.91
130,Inhambane,MZ,2022-05-04 19:43:23,-23.865,35.3833,69.71,78,79,5.7
131,Synya,RU,2022-05-04 19:43:23,65.3718,58.0387,24.93,80,100,7.74
132,High Level,CA,2022-05-04 19:43:24,58.5169,-117.136,59.11,36,75,11.5
133,Carnarvon,AU,2022-05-04 19:43:24,-24.8667,113.6333,62.67,63,0,8.05
134,Rawson,AR,2022-05-04 19:43:24,-43.3002,-65.1023,69.85,38,100,17.34
135,Nanpiao,CN,2022-05-04 19:43:25,41.0982,120.7479,61.03,45,100,6.4
136,Nikolskoye,RU,2022-05-04 19:44:25,59.7035,30.7861,35.49,73,9,4.45
137,Gimli,CA,2022-05-04 19:43:15,50.6336,-96.9907,52.68,56,23,9.71
138,Mindszent,HU,2022-05-04 19:44:26,46.5236,20.1904,59.18,81,100,6.24
139,Bethel,US,2022-05-04 19:40:05,41.3712,-73.414,61.2,86,100,4.61
140,San Carlos De Bariloche,AR,2022-05-04 19:44:26,-41.1456,-71.3082,58.75,55,75,23.02
141,San Andres,CO,2022-05-04 19:40:13,12.5847,-81.7006,87.82,70,75,13.8
142,Rio Grande,BR,2022-05-04 19:44:27,-32.035,-52.0986,69.91,79,0,11.99
143,Rio Verde De Mato Grosso,BR,2022-05-04 19:44:27,-18.9181,-54.8442,72.1,38,0,8.19
144,Saint Anthony,US,2022-05-04 19:44:27,45.0205,-93.218,65.03,42,0,5.75
145,Nisia Floresta,BR,2022-05-04 19:44:28,-6.0911,-35.2086,77.81,85,37,11.01
146,Karratha,AU,2022-05-04 19:44:28,-20.7377,116.8463,78.06,35,0,21.03
147,Trinidad,BO,2022-05-04 19:44:28,-14.8333,-64.9,78.78,44,75,6.91
148,Westport,US,2022-05-04 19:44:29,41.1415,-73.3579,64.89,88,100,5.75
149,Nebolchi,RU,2022-05-04 19:44:29,59.1239,33.3454,28.18,86,5,4.61
150,Sakakah,SA,2022-05-04 19:44:30,29.9697,40.2064,81.97,27,7,12.77
151,Urumqi,CN,2022-05-04 19:44:30,43.801,87.6005,67.15,37,0,0.0
152,Pangnirtung,CA,2022-05-04 19:44:30,66.1451,-65.7125,14.0,79,40,6.91
153,Constantine,DZ,2022-05-04 19:44:31,36.365,6.6147,74.61,28,40,10.36
154,Upernavik,GL,2022-05-04 19:44:31,72.7868,-56.1549,13.62,87,76,7.27
155,Tasiilaq,GL,2022-05-04 19:44:32,65.6145,-37.6368,26.76,73,100,6.31
156,Fenyi,CN,2022-05-04 19:44:32,27.8112,114.6681,62.42,74,62,0.4
157,Coquimbo,CL,2022-05-04 19:44:32,-29.9533,-71.3436,62.33,67,40,5.75
158,Namibe,AO,2022-05-04 19:44:33,-15.1961,12.1522,77.16,71,12,1.57
159,Diplo,PK,2022-05-04 19:44:33,24.4667,69.584,79.97,86,0,16.13
160,Bambous Virieux,MU,2022-05-04 19:44:34,-20.3428,57.7575,79.05,78,75,14.97
161,Paidha,UG,2022-05-04 19:44:34,2.4167,30.9855,62.33,94,100,2.19
162,Kodiak,US,2022-05-04 19:44:34,57.79,-152.4072,44.11,81,100,8.05
163,Half Moon Bay,US,2022-05-04 19:39:46,37.4636,-122.4286,87.55,57,0,6.91
164,Pinega,RU,2022-05-04 19:44:35,64.7001,43.3936,25.66,87,46,7.34
165,Pampierstad,ZA,2022-05-04 19:44:35,-27.7832,24.6877,61.79,41,0,3.06
166,Beloha,MG,2022-05-04 19:44:36,-25.1667,45.05,68.74,84,67,11.05
167,Bilma,NE,2022-05-04 19:44:36,18.6853,12.9164,94.82,12,41,10.27
168,Kigoma,TZ,2022-05-04 19:44:37,-4.8769,29.6267,74.73,74,26,4.32
169,Riyadh,SA,2022-05-04 19:44:37,24.6877,46.7219,91.54,12,17,7.31
170,Beringovskiy,RU,2022-05-04 19:44:37,63.05,179.3167,20.89,85,31,9.28
171,Ahipara,NZ,2022-05-04 19:44:38,-35.1667,173.1667,58.84,88,8,6.06
172,Flin Flon,CA,2022-05-04 19:44:38,54.7682,-101.865,31.84,86,100,8.05
173,Wuning,CN,2022-05-04 19:44:39,29.2589,120.2311,56.66,83,76,3.33
174,Mahebourg,MU,2022-05-04 19:44:39,-20.4081,57.7,79.09,78,75,14.97
175,San Patricio,US,2022-05-04 19:44:39,28.017,-97.5169,87.19,56,21,24.0
176,Gladstone,AU,2022-05-04 19:43:06,-23.85,151.25,66.78,88,30,4.61
177,Vila Franca Do Campo,PT,2022-05-04 19:44:40,37.7167,-25.4333,63.01,75,100,6.62
178,Beloomut,RU,2022-05-04 19:44:40,54.9448,39.3394,35.64,73,1,7.16
179,Georgetown,MY,2022-05-04 19:42:21,5.4112,100.3354,82.33,93,20,0.0
180,East London,ZA,2022-05-04 19:44:41,-33.0153,27.9116,66.24,86,0,4.16
181,Neftegorsk,RU,2022-05-04 19:44:41,52.802,51.166,53.26,55,52,12.66
182,Pihuamo,MX,2022-05-04 19:44:41,19.2499,-103.3828,95.9,15,99,9.08
183,Oistins,BB,2022-05-04 19:45:42,13.0667,-59.5333,86.09,70,40,17.27
184,Hanting,CN,2022-05-04 19:45:42,36.7708,119.2108,68.61,40,76,14.9
185,Emerald,AU,2022-05-04 19:41:34,-23.5333,148.1667,64.54,100,0,1.14
186,Mar Del Plata,AR,2022-05-04 19:45:43,-38.0023,-57.5575,66.87,59,0,21.85
187,Erzin,TR,2022-05-04 19:45:43,36.9559,36.2,61.88,93,56,3.6
188,Yenotayevka,RU,2022-05-04 19:45:43,47.2456,47.0281,59.22,45,12,8.86
189,Iqaluit,CA,2022-05-04 19:45:44,63.7506,-68.5145,13.73,72,20,25.32
190,Yertsevo,RU,2022-05-04 19:45:44,60.7966,40.086,25.54,84,65,3.98
191,Tautira,PF,2022-05-04 19:45:45,-17.7333,-149.15,81.48,78,83,13.58
192,Acari,PE,2022-05-04 19:45:45,-15.4311,-74.6158,76.71,61,21,8.21
193,Aitape,PG,2022-05-04 19:45:45,-3.1374,142.3475,77.72,88,100,4.14
194,Fort Smith,US,2022-05-04 19:45:46,35.3859,-94.3986,68.32,75,20,13.8
195,Togur,RU,2022-05-04 19:45:46,58.3631,82.8265,38.19,62,2,5.26
196,Bushehr,IR,2022-05-04 19:45:47,28.9684,50.8385,80.69,50,0,6.91
197,Tual,ID,2022-05-04 19:45:47,-5.6667,132.75,83.01,76,100,3.69
198,Saldanha,ZA,2022-05-04 19:45:47,-33.0117,17.9442,57.25,92,93,6.62
199,Saskylakh,RU,2022-05-04 19:45:48,71.9167,114.0833,19.94,93,100,5.75
200,Hoa Binh,VN,2022-05-04 19:45:48,20.8133,105.3383,68.31,70,41,2.04
201,Vizinga,RU,2022-05-04 19:45:49,61.0749,50.1031,30.88,84,88,6.33
202,Benjamin Hill,MX,2022-05-04 19:45:49,30.1667,-111.1,83.95,15,0,9.73
203,Villars-Sur-Glane,CH,2022-05-04 19:45:49,46.7905,7.1172,53.58,80,75,1.14
204,Qaanaaq,GL,2022-05-04 19:45:50,77.484,-69.3632,22.23,76,57,0.72
205,Montepuez,MZ,2022-05-04 19:45:50,-13.1256,38.9997,65.05,86,4,4.47
206,Ancud,CL,2022-05-04 19:45:51,-41.8697,-73.8203,54.3,99,100,8.41
207,Baykit,RU,2022-05-04 19:45:51,61.67,96.37,23.56,97,90,1.21
208,Pesochnoye,RU,2022-05-04 19:45:51,58.006,39.1772,29.75,80,14,5.21
209,Jurado,CO,2022-05-04 19:45:52,7.1053,-77.7641,81.57,86,100,7.05
210,Sao Jose Da Coroa Grande,BR,2022-05-04 19:45:52,-8.8978,-35.1478,79.3,83,94,8.81
211,San Cristobal,VE,2022-05-04 19:45:53,7.7669,-72.225,87.98,44,100,6.82
212,Torbay,CA,2022-05-04 19:45:18,47.6666,-52.7314,44.89,84,100,6.91
213,Nanortalik,GL,2022-05-04 19:45:53,60.1432,-45.2371,33.08,78,12,8.66
214,Evreux,FR,2022-05-04 19:45:54,49.0241,1.1508,56.52,67,0,4.61
215,Vao,NC,2022-05-04 19:45:54,-22.6667,167.4833,75.61,76,47,17.25
216,Bastia,FR,2022-05-04 19:45:54,42.6667,9.3333,61.3,79,0,0.0
217,Alot,IN,2022-05-04 19:45:55,23.7667,75.55,86.54,19,0,8.77
218,Esperance,AU,2022-05-04 19:45:55,-33.8667,121.9,55.24,62,96,6.4
219,Tynset,NO,2022-05-04 19:45:56,62.2759,10.7824,38.82,72,100,2.64
220,Port Lincoln,AU,2022-05-04 19:45:56,-34.7333,135.8667,54.41,64,74,18.52
221,Newport,GB,2022-05-04 19:45:57,51.5877,-2.9984,56.53,82,91,7.92
222,Kununurra,AU,2022-05-04 19:45:57,-15.7667,128.7333,75.18,88,75,6.91
223,Keetmanshoop,NA,2022-05-04 19:43:17,-26.5833,18.1333,67.12,30,0,6.91
224,Turukhansk,RU,2022-05-04 19:45:57,65.8167,87.9833,31.6,96,100,24.72
225,Beterou,BJ,2022-05-04 19:45:58,9.1992,2.2586,75.29,85,100,9.04
226,Lompoc,US,2022-05-04 19:45:58,34.6391,-120.4579,83.79,55,0,13.8
227,Ostrovnoy,RU,2022-05-04 19:45:59,68.0531,39.5131,19.22,89,70,14.56
228,Crestview,US,2022-05-04 19:45:15,30.7621,-86.5705,88.92,61,100,16.11
229,Longyearbyen,SJ,2022-05-04 19:46:59,78.2186,15.6401,19.24,63,40,8.05
230,Cerrito,CO,2022-05-04 19:46:59,6.8432,-72.694,65.8,64,99,0.47
231,Amposta,ES,2022-05-04 19:47:00,40.7131,0.581,61.23,76,100,4.25
232,Mount Pleasant,US,2022-05-04 19:47:00,32.7941,-79.8626,87.31,72,0,10.36
233,Along,IN,2022-05-04 19:47:01,28.1667,94.7667,63.45,93,19,0.96
234,Kieta,PG,2022-05-04 19:47:01,-6.2167,155.6333,80.22,79,62,2.19
235,Ermioni,GR,2022-05-04 19:47:02,37.3869,23.2442,60.93,77,84,2.73
236,Chuzhou,CN,2022-05-04 19:47:02,32.3219,118.2978,60.66,66,0,5.08
237,Lethem,GY,2022-05-04 19:47:02,3.3803,-59.7968,84.49,60,100,8.34
238,Roald,NO,2022-05-04 19:47:03,62.5833,6.1333,49.12,66,75,13.8
239,Yaan,NG,2022-05-04 19:43:24,7.3833,8.5667,80.46,64,76,4.63
240,Byron Bay,AU,2022-05-04 19:47:03,-28.65,153.6167,64.94,91,24,6.69
241,Dikson,RU,2022-05-04 19:47:04,73.5069,80.5464,16.14,85,100,24.65
242,Edd,ER,2022-05-04 19:47:04,13.9297,41.6925,89.85,57,0,9.82
243,Wagar,SD,2022-05-04 19:47:05,16.1525,36.2032,97.16,24,0,17.09
244,Ulagan,RU,2022-05-04 19:47:05,50.6321,87.9563,39.07,77,100,2.24
245,Kruisfontein,ZA,2022-05-04 19:47:05,-34.0033,24.7314,59.88,94,100,2.59
246,Kiama,AU,2022-05-04 19:47:06,-34.6833,150.8667,64.0,87,92,1.99
247,Itarema,BR,2022-05-04 19:47:06,-2.9248,-39.9167,78.62,88,42,11.79
248,Bereda,ES,2022-05-04 19:47:07,43.2686,-7.5406,53.42,92,11,5.75
249,Katherine,AU,2022-05-04 19:47:07,-14.4667,132.2667,71.92,73,2,4.61
250,Kavaratti,IN,2022-05-04 19:47:08,10.5669,72.642,85.28,72,97,10.33
251,San Vicente,AR,2022-05-04 19:47:08,-26.6167,-54.1333,56.5,99,100,3.87
252,Wajir,KE,2022-05-04 19:47:08,1.7471,40.0573,77.7,79,55,13.38
253,Korla,CN,2022-05-04 19:47:09,41.7597,86.1469,77.29,20,100,13.69
254,Ponta Delgada,PT,2022-05-04 19:47:09,37.7333,-25.6667,63.32,72,75,10.36
255,Maputo,MZ,2022-05-04 19:47:10,-25.9653,32.5892,71.28,84,40,4.61
256,Nouadhibou,MR,2022-05-04 19:47:10,20.931,-17.0347,67.98,73,1,20.71
257,Berlevag,NO,2022-05-04 19:47:11,70.8578,29.0864,28.35,69,75,19.57
258,Gazanjyk,TM,2022-05-04 19:47:11,39.2446,55.5154,70.23,55,5,2.04
259,Xichang,CN,2022-05-04 19:47:12,27.8964,102.2634,58.44,71,100,1.68
260,Hasaki,JP,2022-05-04 19:47:12,35.7333,140.8333,52.2,82,64,10.69
261,Kismayo,SO,2022-05-04 19:47:12,-0.3582,42.5454,79.27,86,100,12.3
262,Natal,BR,2022-05-04 19:42:38,-5.795,-35.2094,77.65,94,75,5.75
263,Sulangan,PH,2022-05-04 19:47:13,11.1373,123.7228,82.15,78,96,14.2
264,Marzuq,YE,2022-05-04 19:47:13,14.4,46.4667,77.65,30,2,6.24
265,Cabo Rojo,PR,2022-05-04 19:47:14,18.0866,-67.1457,85.24,76,77,5.99
266,Kamaishi,JP,2022-05-04 19:47:14,39.2667,141.8833,48.15,82,37,1.52
267,Pevek,RU,2022-05-04 19:47:15,69.7008,170.3133,12.4,84,98,7.11
268,Chicama,PE,2022-05-04 19:47:15,-7.8447,-79.1469,64.94,60,39,10.04
269,Ushtobe,KZ,2022-05-04 19:47:16,45.2514,77.9838,65.79,47,100,5.59
270,Abha,SA,2022-05-04 19:47:16,18.2164,42.5053,67.82,73,0,9.22
271,Conceicao Do Araguaia,BR,2022-05-04 19:48:16,-8.2578,-49.2647,82.56,82,99,1.39
272,Rocha,UY,2022-05-04 19:44:09,-34.4833,-54.3333,62.13,73,20,6.82
273,Tiznit,MA,2022-05-04 19:48:17,29.5833,-9.5,56.88,77,4,6.4
274,Boende,CD,2022-05-04 19:48:17,-0.2167,20.8667,75.61,85,86,0.63
275,Ukiah,US,2022-05-04 19:45:02,39.1502,-123.2078,85.44,32,0,1.01
276,Tiksi,RU,2022-05-04 19:48:18,71.6872,128.8694,6.26,98,87,3.31
277,Biak,ID,2022-05-04 19:46:14,-0.9131,122.8766,76.98,81,95,2.13
278,Chuy,UY,2022-05-04 19:46:11,-33.6971,-53.4616,63.57,70,38,6.46
279,Zhigansk,RU,2022-05-04 19:48:18,66.7697,123.3711,9.52,97,52,9.33
280,Kozhva,RU,2022-05-04 19:48:19,65.1073,57.0459,25.34,74,85,9.44
281,Zheleznodorozhnyy,RU,2022-05-04 19:48:19,55.7503,38.0042,39.42,68,12,7.45
282,Havelock,US,2022-05-04 19:48:20,34.8791,-76.9013,84.15,77,75,16.11
283,Komsomolskiy,UZ,2022-05-04 19:48:16,40.4272,71.7189,66.92,63,20,6.91
284,Ocara,BR,2022-05-04 19:48:20,-4.4908,-38.5967,78.04,90,60,3.49
285,Teknaf,BD,2022-05-04 19:48:21,20.8624,92.3058,77.63,77,0,2.33
286,Taltal,CL,2022-05-04 19:48:21,-25.4,-70.4833,63.72,76,4,1.97
287,Verkhnevilyuysk,RU,2022-05-04 19:48:22,63.4453,120.3167,28.17,97,99,2.93
288,Pisco,PE,2022-05-04 19:48:22,-13.7,-76.2167,70.02,83,0,9.22
289,Ribeira Grande,PT,2022-05-04 19:48:22,38.5167,-28.7,64.8,82,20,9.22
290,Lincoln,US,2022-05-04 19:47:12,40.8,-96.667,52.14,85,100,6.91
291,Lindi,TZ,2022-05-04 19:48:23,-10.0,39.7167,71.76,96,15,4.7
292,Tutoia,BR,2022-05-04 19:48:23,-2.7619,-42.2744,80.64,87,67,6.11
293,Krasnoselkup,RU,2022-05-04 19:48:24,65.7,82.4667,37.2,87,100,29.35
294,Tibati,CM,2022-05-04 19:48:24,6.4667,12.6333,66.45,96,100,4.74
295,Chatellerault,FR,2022-05-04 19:48:24,46.8,0.5333,57.92,61,49,3.78
296,Ahuimanu,US,2022-05-04 19:48:25,21.4447,-157.8378,80.31,74,75,13.8
297,Luderitz,NA,2022-05-04 19:48:25,-26.6481,15.1594,70.21,48,0,3.78
298,Tommot,RU,2022-05-04 19:48:26,58.9564,126.2925,31.28,87,100,10.65
299,Umm Kaddadah,SD,2022-05-04 19:48:26,13.6017,26.6876,90.12,15,0,11.07
300,Nishihara,JP,2022-05-04 19:48:27,26.1842,127.7558,71.65,97,100,10.36
301,Jalu,LY,2022-05-04 19:47:48,29.0331,21.5482,73.2,25,34,7.81
302,Kahului,US,2022-05-04 19:48:27,20.8947,-156.47,78.82,74,40,17.27
303,Nhulunbuy,AU,2022-05-04 19:48:27,-12.2333,136.7667,75.81,94,100,0.0
304,Mandurah,AU,2022-05-04 19:44:39,-32.55,115.7,54.91,57,0,18.95
305,Matadi,CD,2022-05-04 19:48:28,-5.8167,13.45,80.11,85,100,0.78
306,Portland,US,2022-05-04 19:44:57,45.5234,-122.6762,69.08,58,75,4.61
307,Harper,LR,2022-05-04 19:48:28,4.375,-7.7169,81.43,79,10,5.57
308,Bundaberg,AU,2022-05-04 19:47:01,-24.85,152.35,66.49,99,100,5.75
309,Formosa Do Rio Preto,BR,2022-05-04 19:48:29,-11.0483,-45.1931,87.53,43,68,1.99
310,Belaya Gora,RU,2022-05-04 19:44:33,68.5333,146.4167,25.75,95,100,3.33
311,Fairbanks,US,2022-05-04 19:46:05,64.8378,-147.7164,52.14,49,75,4.61
312,Vanimo,PG,2022-05-04 19:45:49,-2.6741,141.3028,77.61,90,60,3.27
313,Zhuanghe,CN,2022-05-04 19:48:30,39.7008,122.9911,50.85,91,95,8.97
314,Geraldton,AU,2022-05-04 19:48:30,-28.7667,114.6,61.21,55,1,21.85
315,Anchorage,US,2022-05-04 19:47:34,61.2181,-149.9003,50.68,62,40,5.75
316,Kjopsvik,NO,2022-05-04 19:49:30,68.097,16.3742,36.18,78,100,6.46
317,Port-Cartier,CA,2022-05-04 19:49:31,50.0334,-66.8654,41.76,92,90,3.96
318,Abong Mbang,CM,2022-05-04 19:49:31,3.9833,13.1833,73.26,79,75,3.36
319,Sorrento,IT,2022-05-04 19:49:32,40.626,14.3744,62.78,75,40,0.0
320,Kindu,CD,2022-05-04 19:49:32,-2.95,25.95,73.36,92,91,2.46
321,Jiexiu,CN,2022-05-04 19:49:33,37.0244,111.9125,64.26,28,72,5.64
322,Kemi,FI,2022-05-04 19:49:33,65.8596,24.8228,31.77,80,0,4.61
323,Codrington,AU,2022-05-04 19:49:33,-38.2667,141.9667,46.08,80,100,6.4
324,Baft,IR,2022-05-04 19:49:34,29.234,56.6057,61.3,25,0,5.39
325,Nara,JP,2022-05-04 19:48:47,34.6851,135.8049,56.5,66,78,1.54
326,Sabang,ID,2022-05-04 19:49:34,5.8933,95.3214,82.76,73,97,11.79
327,Liuli,TZ,2022-05-04 19:49:35,-11.0833,34.6333,72.63,77,44,4.97
328,Karpogory,RU,2022-05-04 19:49:35,64.0019,44.4451,23.38,88,17,5.97
329,Mazagao,BR,2022-05-04 19:49:35,-0.115,-51.2894,84.25,90,69,3.49
330,Elbistan,TR,2022-05-04 19:49:36,38.2059,37.1983,55.11,80,100,5.91
331,Waipawa,NZ,2022-05-04 19:49:36,-41.4122,175.5153,50.29,91,9,5.55
332,Marawi,PH,2022-05-04 19:49:37,7.9986,124.2928,68.85,93,81,1.48
333,Asfi,MA,2022-05-04 19:48:43,32.2994,-9.2372,63.07,83,2,13.96
334,Kenora,CA,2022-05-04 19:45:15,49.8167,-94.4337,56.37,38,20,11.5
335,Galle,LK,2022-05-04 19:49:37,6.0367,80.217,80.78,84,100,12.24
336,Grand-Lahou,CI,2022-05-04 19:49:38,5.1367,-5.0242,81.77,80,40,10.74
337,College,US,2022-05-04 19:46:38,64.8569,-147.8028,52.12,49,75,4.61
338,Kaitangata,NZ,2022-05-04 19:49:38,-46.2817,169.8464,48.63,85,1,4.09
339,Tabory,RU,2022-05-04 19:49:38,58.5198,64.5495,50.54,44,98,10.76
340,Itigi,TZ,2022-05-04 19:49:39,-5.7,34.4833,63.63,73,47,6.55
341,Lake Charles,US,2022-05-04 19:49:18,30.2131,-93.2044,87.03,61,75,16.11
342,Talnakh,RU,2022-05-04 19:49:39,69.4865,88.3972,33.21,96,100,20.71
343,Papetoai,PF,2022-05-04 19:49:40,-17.4961,-149.8729,83.79,78,100,12.1
344,Constitucion,CL,2022-05-04 19:49:40,-35.3333,-72.4167,62.47,64,100,7.07
345,Inta,RU,2022-05-04 19:49:40,66.0317,60.1659,25.11,76,100,15.68
346,Puerto Madero,MX,2022-05-04 19:49:41,14.7208,-92.4215,86.76,65,93,12.48
347,Aksarka,RU,2022-05-04 19:49:41,66.5606,67.7975,29.84,82,9,19.46
348,Kitimat,CA,2022-05-04 19:49:42,54.0524,-128.6534,50.38,100,100,3.22
349,Cockburn Town,TC,2022-05-04 19:49:42,21.4612,-71.1419,80.56,69,40,17.27
350,Baunatal,DE,2022-05-04 19:49:43,51.2518,9.4075,56.05,69,0,5.75
351,Luau,AO,2022-05-04 19:49:43,-10.7073,22.2247,70.27,67,100,5.46
352,Rochegda,RU,2022-05-04 19:49:43,62.8,43.25,25.5,97,74,3.6
353,Xiuyan,CN,2022-05-04 19:49:44,40.2928,123.2744,47.5,98,100,4.59
354,Kirovskiy,RU,2022-05-04 19:49:44,45.0917,133.5136,42.19,75,82,10.02
355,Cam Ranh,VN,2022-05-04 19:49:44,11.9214,109.1591,76.96,88,40,4.61
356,Agirish,RU,2022-05-04 19:49:45,61.9247,63.0231,36.36,94,100,4.61
357,Saint George,US,2022-05-04 19:46:01,37.1041,-113.5841,74.79,23,0,10.36
358,Kananga,CD,2022-05-04 19:49:45,-5.8958,22.4178,75.04,73,94,3.85
359,Kem,RU,2022-05-04 19:49:46,64.9555,34.5793,30.07,79,100,9.57
360,Cabinda,AO,2022-05-04 19:49:46,-5.55,12.2,80.74,83,40,6.91
361,Imeni Tsyurupy,RU,2022-05-04 19:49:46,55.4957,38.6506,39.58,73,10,8.01
362,Muzaffargarh,PK,2022-05-04 19:50:47,30.0754,71.1921,86.02,33,3,8.3
363,Mackenzie,CA,2022-05-04 19:50:47,55.2999,-123.1698,48.42,53,40,17.27
364,Korgen,NO,2022-05-04 19:50:48,66.0771,13.8153,37.53,90,100,5.19
365,Buraydah,SA,2022-05-04 19:48:14,26.326,43.975,93.65,13,79,10.71
366,Castelo Do Piaui,BR,2022-05-04 19:50:48,-5.3222,-41.5525,85.51,50,99,3.98
367,Ekhabi,RU,2022-05-04 19:50:49,53.5102,142.9671,28.96,91,34,12.15
368,Fare,PF,2022-05-04 19:50:49,-16.7,-151.0167,81.46,77,99,11.32
369,Svetlogorsk,BY,2022-05-04 19:49:23,52.6333,29.7333,37.58,63,98,5.08
370,Bandarbeyla,SO,2022-05-04 19:50:49,9.4942,50.8122,83.37,84,58,10.36
371,Nantucket,US,2022-05-04 19:50:50,41.2835,-70.0995,59.11,94,100,3.44
372,Bilibino,RU,2022-05-04 19:50:50,68.0546,166.4372,28.13,93,100,2.59
373,Alice Springs,AU,2022-05-04 19:47:28,-23.7,133.8833,60.35,55,40,12.66
374,Kirakira,SB,2022-05-04 19:50:51,-10.4544,161.9205,79.45,79,11,1.95
375,Peniche,PT,2022-05-04 19:50:51,39.3558,-9.3811,66.29,75,1,13.94
376,Kaduqli,SD,2022-05-04 19:50:51,11.0167,29.7167,81.99,50,100,6.91
377,Yulara,AU,2022-05-04 19:50:52,-25.2406,130.9889,53.44,66,58,11.5
378,Mont-Dore,NC,2022-05-04 19:50:52,-22.2833,166.5833,75.99,99,18,6.13
379,Yerbogachen,RU,2022-05-04 19:50:53,61.2767,108.0108,29.23,83,99,13.31
380,Salihorsk,BY,2022-05-04 19:50:53,52.7876,27.5415,38.25,55,91,6.51
381,Guerrero Negro,MX,2022-05-04 19:50:53,27.9769,-114.0611,67.26,52,0,14.47
382,Batagay,RU,2022-05-04 19:50:54,67.6333,134.6333,19.51,94,99,3.0
383,Santiago Del Estero,AR,2022-05-04 19:50:54,-27.7951,-64.2615,74.17,29,0,9.31
384,Paamiut,GL,2022-05-04 19:50:55,61.994,-49.6678,31.08,70,2,13.76
385,Vestmanna,FO,2022-05-04 19:50:55,62.1564,-7.1664,41.92,81,100,6.91
386,Ternate,ID,2022-05-04 19:50:55,0.8,127.4,81.16,79,69,3.18
387,Manokwari,ID,2022-05-04 19:50:56,-0.8667,134.0833,78.71,78,78,3.87
388,Shenzhen,CN,2022-05-04 19:50:56,22.5455,114.0683,76.06,88,87,4.61
389,Dunedin,NZ,2022-05-04 19:47:27,-45.8742,170.5036,53.8,91,0,3.42
390,Klaksvik,FO,2022-05-04 19:50:57,62.2266,-6.589,43.72,80,98,12.93
391,Seoul,KR,2022-05-04 19:47:23,37.5683,126.9778,54.84,66,0,6.91
392,Poum,NC,2022-05-04 19:50:57,-20.2333,164.0167,77.34,82,11,9.31
393,Pacific Grove,US,2022-05-04 19:48:27,36.6177,-121.9166,79.39,80,0,8.99
394,Leninskoye,KZ,2022-05-04 19:50:58,41.7589,69.3864,60.31,91,100,2.91
395,Nemuro,JP,2022-05-04 19:49:00,43.3236,145.575,36.14,86,11,4.61
396,Ende,ID,2022-05-04 19:50:58,-8.8432,121.6623,78.33,87,83,3.38
397,Qaqortoq,GL,2022-05-04 19:50:58,60.7167,-46.0333,35.15,65,5,5.5
398,Bell Ville,AR,2022-05-04 19:50:59,-32.6259,-62.6887,74.66,31,62,11.32
399,Dovolnoye,RU,2022-05-04 19:50:59,54.4958,79.6671,46.04,39,100,6.38
400,Hargeysa,SO,2022-05-04 19:51:00,9.56,44.065,73.62,61,47,5.64
401,Aklavik,CA,2022-05-04 19:51:00,68.2191,-135.0107,26.6,74,100,12.66
402,Carutapera,BR,2022-05-04 19:51:00,-1.195,-46.02,80.8,85,26,6.46
403,Jumla,NP,2022-05-04 19:51:01,29.2747,82.1838,55.47,85,99,1.72
404,Najran,SA,2022-05-04 19:51:01,17.4924,44.1277,84.85,21,0,5.3
405,Kokopo,PG,2022-05-04 19:51:02,-4.352,152.2633,77.4,86,99,4.56
406,Rzhev,RU,2022-05-04 19:51:02,56.2624,34.3282,31.73,69,5,6.8
407,Opuwo,NA,2022-05-04 19:51:02,-18.0607,13.84,65.7,33,0,8.7
408,Benguela,AO,2022-05-04 19:51:03,-12.5763,13.4055,76.87,75,2,3.22
409,Amarillo,US,2022-05-04 19:49:57,35.222,-101.8313,64.18,77,75,16.11
410,Trairi,BR,2022-05-04 19:52:03,-3.2778,-39.2689,77.9,91,70,8.84
411,Fougamou,GA,2022-05-04 19:52:04,-1.2154,10.5838,75.74,95,100,2.13
412,Barzas,RU,2022-05-04 19:52:04,55.7167,86.3167,34.52,56,9,5.19
413,Owando,CG,2022-05-04 19:52:04,-0.4819,15.8999,76.23,85,100,3.69
414,Mundra,IN,2022-05-04 19:52:05,22.85,69.7333,81.59,86,2,14.76
415,Deputatskiy,RU,2022-05-04 19:51:45,69.3,139.9,17.1,96,100,0.72
416,Khatanga,RU,2022-05-04 19:52:05,71.9667,102.5,-3.03,100,94,1.54
417,Makakilo City,US,2022-05-04 19:52:06,21.3469,-158.0858,79.12,71,75,13.8
418,Yining,CN,2022-05-04 19:48:07,29.0361,114.5636,59.68,80,0,1.74
419,Sao Joao Da Barra,BR,2022-05-04 19:52:06,-21.6403,-41.0511,86.09,80,35,15.57
420,Dickson,US,2022-05-04 19:50:04,36.077,-87.3878,75.94,61,0,4.61
421,Khatassy,RU,2022-05-04 19:52:07,61.9036,129.6383,33.78,99,100,4.72
422,Gamba,GA,2022-05-04 19:52:07,-2.65,10.0,76.03,96,100,2.75
423,Umba,RU,2022-05-04 19:52:08,66.6871,34.3429,31.73,75,100,13.89
424,Barra Da Estiva,BR,2022-05-04 19:52:08,-13.6261,-41.3269,75.25,59,75,5.1
425,Chickasha,US,2022-05-04 19:51:04,35.0526,-97.9364,69.96,88,100,13.8
426,Megion,RU,2022-05-04 19:52:09,61.0296,76.1136,46.42,58,63,18.1
427,Slave Lake,CA,2022-05-04 19:52:09,55.2834,-114.769,46.38,76,75,4.61
428,Saurimo,AO,2022-05-04 19:52:10,-9.6608,20.3916,71.17,68,100,4.7
429,Haysville,US,2022-05-04 19:49:03,37.5645,-97.3523,51.04,90,100,14.97
430,Minot,US,2022-05-04 19:50:52,48.2325,-101.2963,62.82,39,0,10.36
431,Kant,IN,2022-05-04 19:52:12,27.8,79.8,85.93,36,90,5.32
432,Manzhouli,CN,2022-05-04 19:52:12,49.6,117.4333,48.24,57,100,7.09
433,Katsuura,JP,2022-05-04 19:52:13,35.1333,140.3,62.44,84,100,11.74
434,Shimoda,JP,2022-05-04 19:52:13,34.6667,138.95,61.11,83,100,7.7
435,Zhuhai,CN,2022-05-04 19:49:56,22.2769,113.5678,74.98,83,20,4.61
436,Tupiza,BO,2022-05-04 19:52:14,-21.45,-65.7167,67.46,16,0,8.25
437,Tigil,RU,2022-05-04 19:52:14,57.8,158.6667,30.9,88,100,3.98
438,Souillac,MU,2022-05-04 19:52:15,-20.5167,57.5167,79.18,78,75,14.97
439,Akyab,MM,2022-05-04 19:52:15,20.15,92.9,79.9,68,0,4.16
440,Tolaga Bay,NZ,2022-05-04 19:52:15,-38.3667,178.3,57.52,87,47,0.38
441,Machico,PT,2022-05-04 19:52:16,32.7,-16.7667,64.13,79,75,9.22
442,Cullinan,ZA,2022-05-04 19:52:16,-25.6709,28.5236,61.83,49,3,2.1
443,Pirovskoye,RU,2022-05-04 19:52:17,57.6267,92.2658,31.73,83,10,4.85
444,Praya,CV,2022-05-04 19:49:27,14.9215,-23.5087,75.74,64,0,17.27
445,Mackay,AU,2022-05-04 19:49:17,-21.15,149.2,68.68,100,40,5.75
446,Isangel,VU,2022-05-04 19:52:17,-19.55,169.2667,77.13,82,2,5.57
447,Griffith,US,2022-05-04 19:51:54,41.5284,-87.4237,60.15,79,0,9.22
448,Inuvik,CA,2022-05-04 19:52:18,68.3499,-133.7218,25.81,89,100,10.36
449,Okhotsk,RU,2022-05-04 19:47:24,59.3833,143.3,30.97,89,100,8.37
450,Norman Wells,CA,2022-05-04 19:52:18,65.282,-126.8329,37.44,81,100,11.5
451,Odessa,UA,2022-05-04 19:50:33,46.4775,30.7326,55.47,69,55,7.02
452,Zachary,US,2022-05-04 19:52:19,30.6485,-91.1565,90.7,74,40,3.44
453,Bandar-E Lengeh,IR,2022-05-04 19:53:19,26.5579,54.8807,80.42,66,0,3.56
454,Chippewa Falls,US,2022-05-04 19:53:19,44.9369,-91.3929,62.96,37,0,4.61
455,Khani,GE,2022-05-04 19:53:05,41.9563,42.9566,45.97,99,100,2.37
456,Empangeni,ZA,2022-05-04 19:53:20,-28.762,31.8933,63.46,94,0,3.13
457,Yabrud,SY,2022-05-04 19:53:20,33.9674,36.6574,55.63,56,0,2.06
458,Tolga,DZ,2022-05-04 19:53:21,34.7222,5.3785,90.41,14,100,21.77
459,Saint-Georges,GD,2022-05-04 19:53:21,12.0564,-61.7485,85.68,66,20,24.16
460,Faanui,PF,2022-05-04 19:53:22,-16.4833,-151.75,82.0,76,99,11.3
461,Yar-Sale,RU,2022-05-04 19:53:22,66.8333,70.8333,30.13,87,6,16.84
462,Turbat,PK,2022-05-04 19:53:22,26.0023,63.044,84.51,36,0,3.91
463,Kos,GR,2022-05-04 19:53:23,36.8933,27.2889,63.84,62,0,24.65
464,Havre-Saint-Pierre,CA,2022-05-04 19:53:23,50.2334,-63.5986,41.36,81,100,11.5
465,Samfya,ZM,2022-05-04 19:52:18,-11.3649,29.5565,65.08,76,55,10.87
466,Sicamous,CA,2022-05-04 19:53:24,50.8331,-118.9856,63.57,57,100,5.01
467,Zhigalovo,RU,2022-05-04 19:53:24,54.8097,105.1578,32.72,96,100,3.96
468,Port Hedland,AU,2022-05-04 19:53:24,-20.3167,118.5667,78.85,27,29,17.27
469,Lata,PT,2022-05-04 19:53:25,40.1629,-8.3327,55.87,73,4,1.66
470,Timra,SE,2022-05-04 19:53:25,62.487,17.3257,38.88,70,0,10.36
471,Santa Isabel Do Rio Negro,BR,2022-05-04 19:53:26,-0.4139,-65.0192,75.54,94,100,3.36
472,Ler,SS,2022-05-04 19:53:26,8.3018,30.1418,75.94,80,98,4.5
473,Surgut,RU,2022-05-04 19:53:26,61.25,73.4167,50.18,42,0,13.42
474,Pitimbu,BR,2022-05-04 19:53:27,-7.4706,-34.8086,84.79,82,97,12.95
475,Teguise,ES,2022-05-04 19:53:27,29.0605,-13.564,62.82,63,20,17.27
476,Acajutla,SV,2022-05-04 19:53:28,13.5928,-89.8275,86.45,66,90,5.86
477,Scarborough,GB,2022-05-04 19:49:28,54.2797,-0.4044,54.64,89,69,1.99
478,Raghogarh,IN,2022-05-04 19:53:28,24.45,77.2,90.34,15,35,13.51
479,Gizo,SB,2022-05-04 19:53:29,-8.103,156.8419,82.76,73,54,9.1
480,Gayny,RU,2022-05-04 19:53:29,60.3071,54.3241,36.03,82,92,5.32
481,Maneadero,MX,2022-05-04 19:53:29,31.7167,-116.5667,66.94,63,6,8.84
482,Kualakapuas,ID,2022-05-04 19:53:30,-3.0091,114.3876,73.11,99,100,1.97
483,Takoradi,GH,2022-05-04 19:53:30,4.8845,-1.7554,81.45,81,48,9.01
484,Podgornoye,RU,2022-05-04 19:53:31,51.735,39.1496,46.62,57,0,8.95
485,Orange,US,2022-05-04 19:49:05,33.7,-117.7675,90.86,57,20,9.22
486,Chipiona,ES,2022-05-04 19:51:09,36.7366,-6.437,64.58,88,20,5.75
487,Richards Bay,ZA,2022-05-04 19:53:31,-28.783,32.0377,66.49,91,0,4.36
488,Shiyan,CN,2022-05-04 19:53:31,32.6475,110.7781,61.2,66,0,3.62
489,Palmer,US,2022-05-04 19:50:36,42.1584,-72.3287,56.25,87,100,4.61
490,Kidal,ML,2022-05-04 19:53:32,18.4411,1.4078,93.25,6,100,8.03
491,Nacala,MZ,2022-05-04 19:53:32,-14.5428,40.6728,72.19,81,33,6.82
492,Magugu,TZ,2022-05-04 19:53:33,-4.0167,35.7667,66.9,77,83,2.55
493,Jibuti,DJ,2022-05-04 19:50:14,11.5,42.5,82.24,49,2,10.63
494,Borogontsy,RU,2022-05-04 19:53:33,62.6683,131.1683,31.96,99,100,2.89
495,Atbasar,KZ,2022-05-04 19:53:34,51.8,68.3333,52.59,82,86,8.95
496,Suffolk,US,2022-05-04 19:50:08,40.8668,-72.7996,64.98,83,75,6.91
497,Menzelinsk,RU,2022-05-04 19:51:43,55.7271,53.1026,45.05,91,90,5.03
498,Mizdah,LY,2022-05-04 19:53:34,31.4451,12.9801,73.9,18,37,12.55
499,Aswan,EG,2022-05-04 19:53:35,24.0934,32.907,87.1,21,2,12.66
500,Aloleng,PH,2022-05-04 19:54:35,16.1307,119.7824,81.37,75,34,2.73
501,Ketchikan,US,2022-05-04 19:54:35,55.3422,-131.6461,48.18,74,98,7.52
502,Hobyo,SO,2022-05-04 19:54:36,5.3505,48.5268,83.3,75,12,18.1
503,Brownsville,US,2022-05-04 19:50:03,25.9018,-97.4975,89.6,65,40,25.32
504,Poronaysk,RU,2022-05-04 19:54:36,49.2167,143.1167,33.12,90,24,5.46
505,Kavieng,PG,2022-05-04 19:54:37,-2.5744,150.7967,82.31,77,59,11.95
506,Alyangula,AU,2022-05-04 19:54:37,-13.8483,136.4192,76.87,94,75,3.44
507,Orange Cove,US,2022-05-04 19:51:08,36.6244,-119.3137,86.63,18,2,4.03
508,Salumbar,IN,2022-05-04 19:52:27,24.1333,74.05,87.57,25,0,4.34
509,Mantua,IT,2022-05-04 19:54:37,45.1667,10.7833,60.98,77,99,1.01
510,Igrim,RU,2022-05-04 19:53:53,63.1906,64.4162,34.54,97,100,4.61
511,San Quintin,MX,2022-05-04 19:54:38,30.4833,-115.95,64.85,63,0,12.39
512,Moose Factory,CA,2022-05-04 19:54:38,51.2585,-80.6094,41.0,48,0,13.8
513,Rundu,NA,2022-05-04 19:54:39,-17.9333,19.7667,61.75,47,6,6.91
514,Upington,ZA,2022-05-04 19:54:39,-28.4478,21.2561,64.78,45,0,5.75
515,Gara,HU,2022-05-04 19:54:39,46.0319,19.0428,61.48,62,94,2.55
516,Acapulco,MX,2022-05-04 19:54:40,16.8634,-99.8901,86.43,50,100,10.78
517,Prince Rupert,CA,2022-05-04 19:53:36,54.3161,-130.3201,46.49,81,75,23.02
518,Steinbach,DE,2022-05-04 19:54:40,50.1667,8.5667,60.31,58,0,10.36
519,Pitiquito,MX,2022-05-04 19:54:41,30.7,-112.0833,87.89,14,0,8.55
520,Bonthe,SL,2022-05-04 19:54:41,7.5264,-12.505,82.76,76,14,7.56
521,Sola,VU,2022-05-04 19:54:42,-13.8833,167.55,81.09,75,100,4.07
522,Invermere,CA,2022-05-04 19:54:42,50.5167,-116.0354,52.9,84,100,1.7
523,Nkawkaw,GH,2022-05-04 19:54:42,6.5512,-0.7662,75.83,92,100,3.85
524,Sao Miguel Do Araguaia,BR,2022-05-04 19:54:43,-13.275,-50.1628,89.28,46,10,3.15
525,Katobu,ID,2022-05-04 19:54:43,-4.9408,122.5276,75.33,92,95,2.57
526,Kabelvag,NO,2022-05-04 19:54:44,68.2114,14.4817,36.54,80,75,9.66
527,Sargatskoye,RU,2022-05-04 19:54:44,55.6101,73.4972,49.37,37,100,7.16
528,Katangli,RU,2022-05-04 19:54:44,51.7102,143.2326,25.56,93,21,8.08
529,Halifax,CA,2022-05-04 19:51:12,44.6453,-63.5724,51.69,76,100,10.36
530,Bridgeton,US,2022-05-04 19:54:45,39.4273,-75.2341,73.9,76,67,8.41
531,Hay River,CA,2022-05-04 19:54:45,60.8156,-115.7999,51.76,62,75,11.5
532,Ankazobe,MG,2022-05-04 19:54:46,-18.3167,47.1167,58.15,91,24,6.8
533,Saint-Pierre,RE,2022-05-04 19:54:46,-21.3393,55.4781,75.9,90,75,17.27
534,Arlit,NE,2022-05-04 19:54:46,18.7369,7.3853,93.58,8,100,11.36
535,Vaitape,PF,2022-05-04 19:54:47,-16.5167,-151.75,81.97,76,99,11.32
536,Pundaguitan,PH,2022-05-04 19:54:47,6.3711,126.1689,81.72,77,100,6.82
537,Coihaique,CL,2022-05-04 19:54:48,-45.5752,-72.0662,53.55,50,40,9.22
538,Morgantown,US,2022-05-04 19:54:03,39.6295,-79.9559,67.32,74,100,8.05
539,Poya,NC,2022-05-04 19:54:48,-21.35,165.15,74.61,89,31,5.23
540,Smithers,CA,2022-05-04 19:54:40,54.7804,-127.1743,46.72,61,75,6.91
541,Fort Nelson,CA,2022-05-04 19:54:49,58.8053,-122.7002,49.59,46,75,14.97
542,Toropets,RU,2022-05-04 19:54:49,56.4978,31.6353,31.41,62,10,3.38
543,Marsaxlokk,MT,2022-05-04 19:54:49,35.8419,14.5431,64.08,94,20,14.97
544,Floro,NO,2022-05-04 19:54:50,61.5996,5.0328,46.96,76,75,17.27
545,Straseni,MD,2022-05-04 19:54:50,47.1414,28.6103,57.43,51,72,7.36
546,Eskisehir,TR,2022-05-04 19:54:51,39.7767,30.5206,47.91,84,98,10.51
547,Requena,ES,2022-05-04 19:54:51,39.4883,-1.1004,49.51,87,100,3.02
548,Saint Marys,US,2022-05-04 19:53:31,30.7305,-81.5465,89.06,63,0,9.22
549,Cap Malheureux,MU,2022-05-04 19:55:52,-19.9842,57.6142,78.48,75,10,5.99
550,Bubaque,GW,2022-05-04 19:55:52,11.2833,-15.8333,78.51,71,6,17.36
